{
  "name": "funding_regime_switch",
  "hypothesis": "Aggregate perp funding measures crowd leverage/positioning: when market-wide funding is rich (longs crowded) the tape is froth-prone, so stand aside; run cross-sectional momentum only when funding is neutral/negative. Refuted if the funding-gated book does not beat the ungated one after deflation.",
  "headline": {
    "sharpe_ann": 1.3729728350489727,
    "cagr": 0.8536833501936327,
    "max_drawdown": -0.4518605236137465,
    "n_obs": 1095,
    "years": 3.0,
    "best_variant": "funding_regime_switch__window=60_k=5_max=5e-05",
    "grid_size": 18
  },
  "dsr_block": {
    "n_trials_cumulative": 103,
    "psr": 0.9922464211519312,
    "dsr": 0.451975266496009,
    "sr0_ann": 1.4414267555884153,
    "pass": false
  },
  "alt_block": {
    "t_adj": 2.420312886889709,
    "hlz_hurdle": 3.0,
    "pass_fdr": false,
    "effective_n": 1.39769109824948,
    "dsr_eff": 0.9713200044244368,
    "sr0_eff_ann": 0.2948420315547824,
    "pass_eff_dsr": true,
    "posterior_mean_sr": 0.8816800854792963,
    "posterior_p_gt_0": 0.9906273900840785,
    "pass_bayes": true,
    "n_lenses_pass": 2,
    "verdict": "DEFENSIBLE"
  },
  "null_block": {
    "sharpe": 1.3729728350489727,
    "se": 0.5445869420236377,
    "ci": [
      0.37225806933035865,
      2.3830490637467676
    ],
    "p_le_zero": 0.008
  },
  "selection_block": {
    "pbo": 0.36904761904761907,
    "cpcv_oos_sharpe_mean": 1.0309610847988468,
    "cpcv_oos_p5": 0.05796846340233748,
    "cpcv_selection_haircut": 0.44851087841703796,
    "minbtl_years": 3.4251563935143885,
    "years_available": 3.0,
    "minbtl_ok": false
  },
  "cost_block": {
    "sharpe_1x": 1.3729728350489727,
    "sharpe_2x": 1.3199889399724325,
    "sharpe_4x": 1.213620779440315,
    "survives_2x": true
  },
  "capacity_block": {
    "aum_usd": [
      10000.0,
      100000.0,
      1000000.0,
      10000000.0,
      100000000.0
    ],
    "net_ann_return": [
      0.7960605061102916,
      0.736116019672552,
      0.5465549093602217,
      -0.05288995501717442,
      -1.9485010581404774
    ],
    "impact_drag": [
      0.0277228440833411,
      0.0876673305210807,
      0.277228440833411,
      0.8766733052108071,
      2.77228440833411
    ],
    "participation": [
      0.00019342638104224684,
      0.0019342638104224682,
      0.019342638104224683,
      0.19342638104224685,
      1.9342638104224683
    ],
    "capacity_usd": 1000000.0,
    "net_at_smallest": 0.7960605061102916,
    "capacity_thresh": 0.3980302530551458,
    "median_adv_usd": 3963609.6303700004,
    "ann_turnover": 19.933333333333337
  },
  "regime_block": {
    "stability": {
      "subperiod_sharpe": [
        0.0,
        -1.53,
        2.08,
        0.18,
        1.3,
        3.7
      ],
      "mean": 0.9563996303464926,
      "std": 1.8229375686789173,
      "cv": 1.906041690980671,
      "worst": -1.5314811497711807,
      "best": 3.6998501008745657,
      "frac_above_min": 0.6666666666666666,
      "stable": false
    },
    "decay": {
      "subperiod_sharpe": [
        0.0,
        -1.53,
        2.08,
        0.18,
        1.3,
        3.7
      ],
      "slope": 0.7172647736507308,
      "first_half": 0.18374072388222507,
      "second_half": 1.7290585368107603
    },
    "fng_quartile_sharpe": {
      "fear": 1.3793696983575225,
      "mid-fear": 2.1155328959603725,
      "mid-greed": 1.3057953536102849,
      "greed": -0.10053552395327489
    }
  },
  "verdict": "FAIL",
  "reasons": [
    "fails the effective-N selection gate (PBO <= 0.35)",
    "effective-N DSR 0.97 at effN 1.4; CPCV OOS mean 1.03; PBO 0.37",
    "conservative nominal-N lens (assumes independent trials): DSR 0.45 vs 0.95 at N=103 \u2014 a lower bound for a correlated universe, not the verdict"
  ],
  "alt_verdict": "DEFENSIBLE"
}